id,value
0,20.90798790787897890
1,32.987698768969876
2,48.3498540957864576
3,24.8456798476895867
4,32.47658746587456
5,20.56172351726354
6,28.49785689475684756
7,58.49857934786594
